<?xml version="1.0" encoding="UTF-8"?>
<beans xmlns="http://www.springframework.org/schema/beans"
xmlns:xsi="http://www.w3.org/2001/XMLSchema-instance"
xmlns:context="http://www.springframework.org/schema/context"
xmlns:p="http://www.springframework.org/schema/p"
xsi:schemaLocation="http://www.springframework.org/schema/beans
http://www.springframework.org/schema/beans/spring-beans.xsd
http://www.springframework.org/schema/context
http://www.springframework.org/schema/context/spring-context.xsd">

<bean class="com.springcore.constructor.Certi" name="cer">
	<constructor-arg value="Android " type="String"/>
</bean>
<bean class="com.springcore.constructor.Person" name="p1">
<constructor-arg value="Aman Khairwar" type="String"/>
<constructor-arg value="12" type="int"/>
<constructor-arg ref="cer"/>
<constructor-arg>
	<list>
		<value>12345</value>
		<value>987654</value>
	</list>
</constructor-arg>
</bean>
<bean class="com.springcore.constructor.Addition" name="add">
	<constructor-arg value="12" type="int"/>
	<constructor-arg value="30" type="int+"/>
</bean>	
</beans>