<?xml version="1.0" encoding="UTF-8"?>
<beans xmlns="http://www.springframework.org/schema/beans"
xmlns:xsi="http://www.w3.org/2001/XMLSchema-instance"
xmlns:context="http://www.springframework.org/schema/context"
xmlns:p="http://www.springframework.org/schema/p"
xmlns:util="http://www.springframework.org/schema/util"
xsi:schemaLocation="http://www.springframework.org/schema/beans
http://www.springframework.org/schema/beans/spring-beans.xsd
http://www.springframework.org/schema/context
http://www.springframework.org/schema/context/spring-context.xsd
http://www.springframework.org/schema/util
http://www.springframework.org/schema/util/spring-util.xsd
">
	<!--standalone list  -->
<util:list list-class="java.util.LinkedList" id="myfriendlist">
	<value>Aman</value>
	<value>Ankit</value>
	<value>Rohit</value>	
</util:list>
<util:map map-class="java.util.HashMap" id="fees">
	<entry key="BE" value="300000"/>
	<entry key="Django" value="2000"/>
	<entry key="hibernate framework" value="2000"/>
</util:map>
<util:properties id="dbconfig">
	<prop key="driver">com.mysql.jdbc.Driver</prop>
	<prop key="username">Aman</prop>
	<prop key="password">Amank@123</prop>
	<prop key="url">mysql:jdbc://localhost:3306/database</prop>
</util:properties>
<bean class="com.springcore.collection.standalone.Person" name="p1">

<property name="friends" >
<ref bean="myfriendlist"/>
</property>
<property name="feesStructure" ref="fees"/>
<property name="props" ref="dbconfig"/>
</bean>
</beans>