<?xml version="1.0" encoding="UTF-8"?>
<beans xmlns="http://www.springframework.org/schema/beans"
xmlns:xsi="http://www.w3.org/2001/XMLSchema-instance"
xmlns:context="http://www.springframework.org/schema/context"
xmlns:p="http://www.springframework.org/schema/p"
xsi:schemaLocation="http://www.springframework.org/schema/beans
http://www.springframework.org/schema/beans/spring-beans.xsd
http://www.springframework.org/schema/context
http://www.springframework.org/schema/context/spring-context.xsd">
<context:annotation-config/>
<bean class="com.springcore.auto.wire.annotation.Address" name="address">
<property name="street" value="DR.Wilson Street"/>
<property name="city" value="MUMBAI"/>
</bean>
<bean class="com.springcore.auto.wire.annotation.Address" name="add">
<property name="street" value="dr.Annes lane"/>
<property name="city" value="MUMBAI"/>
</bean>

<bean class="com.springcore.auto.wire.annotation.Emp" name="emp1"></bean>
</beans>