<?xml version="1.0" encoding="UTF-8"?>
<beans xmlns="http://www.springframework.org/schema/beans"
xmlns:xsi="http://www.w3.org/2001/XMLSchema-instance"
xmlns:context="http://www.springframework.org/schema/context"
xmlns:p="http://www.springframework.org/schema/p"
xsi:schemaLocation="http://www.springframework.org/schema/beans
http://www.springframework.org/schema/beans/spring-beans.xsd
http://www.springframework.org/schema/context
http://www.springframework.org/schema/context/spring-context.xsd">

<bean class="com.springcore.collection.Student" name="data">
<property name="id" value="12"></property>
<property name="phones">
	<list>
		<value>1234567</value>
		<value>456789</value>
		<value>0987654</value>
	</list>
</property>
<property name="addresses">
	<set>
		<value>Mumbai</value>
		<value>CHennai</value>
		<value>Banglore</value>
		<value>Delhi</value>
		<value>Pune</value>
	</set>
</property>
<property name="courses">
	<map>
		<entry key="JAVA" value="2"/>
		<entry key="python" value="4"/>
		<entry key="CPP" value="6"/>
	</map>
</property>
</bean>
</beans>